teamID,avg_clustering,total_degree,clique_number,avg_position_x,avg_position_y
mean,0.14913823157000275,274.60526315789474,7.7631578947368425,49.19253736511514,50.46176864580598
maxi,0.2284209707983154,384.0,10.0,56.3558589655958,56.56508795826023
mini,0.09640735538832564,80.0,5.0,41.89233821733822,40.87969027788032
std,0.02997664686495236,75.92511939624647,1.0763856067392616,3.5574561130684326,3.772693872640313
