,matchID,avg_clustering,total_degree,clique_number,avg_position_x,avg_position_y,total,success,rate
count,38.0,38.0,38.0,38.0,38.0,38.0,38.0,38.0,38.0
mean,19.5,0.14913823157000275,274.60526315789474,7.7631578947368425,49.19253736511514,50.46176864580598,369.55263157894734,274.60526315789474,0.7313880737321498
std,11.113055385446435,0.02997664686495235,75.92511939624647,1.0763856067392616,3.557456113068433,3.7726938726403123,80.9369782753661,75.92511939624647,0.07676046180677143
min,1.0,0.09640735538832564,80.0,5.0,41.89233821733822,40.87969027788032,159.0,80.0,0.5031446540880503
25%,10.25,0.13043925355882033,236.5,7.0,47.171167738685234,49.11364007725122,324.25,236.5,0.6891951585829137
50%,19.5,0.1416858221390837,290.0,8.0,48.765456899009976,50.738287510117914,380.5,290.0,0.753710250101224
75%,28.75,0.16506339172471715,327.75,8.75,51.06843776664656,52.19576909618078,422.75,327.75,0.7811777456647399
max,38.0,0.2284209707983154,384.0,10.0,56.3558589655958,56.56508795826023,501.0,384.0,0.8422330097087378
